"Project","ScanDate","DependencyName","DependencyPath","Description","License","Md5","Sha1","Identifiers","CPE","CVE","CWE","Vulnerability","Source","CVSSv2_Severity","CVSSv2_Score","CVSSv2","CVSSv3_BaseSeverity","CVSSv3_BaseScore","CVSSv3","CPE Confidence","Evidence Count","VendorProject","Product","Name","DateAdded","ShortDescription","RequiredAction","DueDate","Notes"
devops-project #2,"Sun, 8 Oct 2023 15:12:09 +0200",achat-1.1.jar: jackson-databind-2.12.4.jar,/var/lib/jenkins/workspace/devops-project/target/achat-1.1.jar/BOOT-INF/lib/jackson-databind-2.12.4.jar,General data-binding functionality for Jackson: works on core streaming API,"The Apache Software License, Version 2.0: http://www.apache.org/licenses/LICENSE-2.0.txt",7bf7ed4119602e8a7b23356dc0fba920,069206e02e6a696034f06a59d3ddbfbba5a4cd81,pkg:maven/com.fasterxml.jackson.core/jackson-databind@2.12.4,"cpe:2.3:a:fasterxml:jackson-databind:2.12.4:*:*:*:*:*:*:*, cpe:2.3:a:fasterxml:jackson-modules-java8:2.12.4:*:*:*:*:*:*:*",CVE-2020-36518,CWE-787 Out-of-bounds Write,jackson-databind before 2.13.0 allows a Java StackOverflow exception and denial of service via a large depth of nested objects.,NVD,MEDIUM,5.0,/AV:N/AC:L/Au:N/C:N/I:N/A:P,HIGH,7.5,CVSS:3.1/AV:N/AC:L/PR:N/UI:N/S:U/C:N/I:N/A:H,HIGH,40,"","","","","","","",""
devops-project #2,"Sun, 8 Oct 2023 15:12:09 +0200",achat-1.1.jar: jackson-databind-2.12.4.jar,/var/lib/jenkins/workspace/devops-project/target/achat-1.1.jar/BOOT-INF/lib/jackson-databind-2.12.4.jar,General data-binding functionality for Jackson: works on core streaming API,"The Apache Software License, Version 2.0: http://www.apache.org/licenses/LICENSE-2.0.txt",7bf7ed4119602e8a7b23356dc0fba920,069206e02e6a696034f06a59d3ddbfbba5a4cd81,pkg:maven/com.fasterxml.jackson.core/jackson-databind@2.12.4,"cpe:2.3:a:fasterxml:jackson-databind:2.12.4:*:*:*:*:*:*:*, cpe:2.3:a:fasterxml:jackson-modules-java8:2.12.4:*:*:*:*:*:*:*",CVE-2021-46877,CWE-770 Allocation of Resources Without Limits or Throttling,jackson-databind 2.10.x through 2.12.x before 2.12.6 and 2.13.x before 2.13.1 allows attackers to cause a denial of service (2 GB transient heap usage per read) in uncommon situations involving JsonNode JDK serialization.,NVD,"","","",HIGH,7.5,CVSS:3.1/AV:N/AC:L/PR:N/UI:N/S:U/C:N/I:N/A:H,HIGH,40,"","","","","","","",""
devops-project #2,"Sun, 8 Oct 2023 15:12:09 +0200",achat-1.1.jar: jackson-databind-2.12.4.jar,/var/lib/jenkins/workspace/devops-project/target/achat-1.1.jar/BOOT-INF/lib/jackson-databind-2.12.4.jar,General data-binding functionality for Jackson: works on core streaming API,"The Apache Software License, Version 2.0: http://www.apache.org/licenses/LICENSE-2.0.txt",7bf7ed4119602e8a7b23356dc0fba920,069206e02e6a696034f06a59d3ddbfbba5a4cd81,pkg:maven/com.fasterxml.jackson.core/jackson-databind@2.12.4,"cpe:2.3:a:fasterxml:jackson-databind:2.12.4:*:*:*:*:*:*:*, cpe:2.3:a:fasterxml:jackson-modules-java8:2.12.4:*:*:*:*:*:*:*",CVE-2022-42003,CWE-502 Deserialization of Untrusted Data,"In FasterXML jackson-databind before 2.14.0-rc1, resource exhaustion can occur because of a lack of a check in primitive value deserializers to avoid deep wrapper array nesting, when the UNWRAP_SINGLE_VALUE_ARRAYS feature is enabled. Additional fix version in 2.13.4.1 and 2.12.17.1",NVD,"","","",HIGH,7.5,CVSS:3.1/AV:N/AC:L/PR:N/UI:N/S:U/C:N/I:N/A:H,HIGH,40,"","","","","","","",""
devops-project #2,"Sun, 8 Oct 2023 15:12:09 +0200",achat-1.1.jar: jackson-databind-2.12.4.jar,/var/lib/jenkins/workspace/devops-project/target/achat-1.1.jar/BOOT-INF/lib/jackson-databind-2.12.4.jar,General data-binding functionality for Jackson: works on core streaming API,"The Apache Software License, Version 2.0: http://www.apache.org/licenses/LICENSE-2.0.txt",7bf7ed4119602e8a7b23356dc0fba920,069206e02e6a696034f06a59d3ddbfbba5a4cd81,pkg:maven/com.fasterxml.jackson.core/jackson-databind@2.12.4,"cpe:2.3:a:fasterxml:jackson-databind:2.12.4:*:*:*:*:*:*:*, cpe:2.3:a:fasterxml:jackson-modules-java8:2.12.4:*:*:*:*:*:*:*",CVE-2022-42004,CWE-502 Deserialization of Untrusted Data,"In FasterXML jackson-databind before 2.13.4, resource exhaustion can occur because of a lack of a check in BeanDeserializer._deserializeFromArray to prevent use of deeply nested arrays. An application is vulnerable only with certain customized choices for deserialization.",NVD,"","","",HIGH,7.5,CVSS:3.1/AV:N/AC:L/PR:N/UI:N/S:U/C:N/I:N/A:H,HIGH,40,"","","","","","","",""
devops-project #2,"Sun, 8 Oct 2023 15:12:09 +0200",achat-1.1.jar: jackson-databind-2.12.4.jar,/var/lib/jenkins/workspace/devops-project/target/achat-1.1.jar/BOOT-INF/lib/jackson-databind-2.12.4.jar,General data-binding functionality for Jackson: works on core streaming API,"The Apache Software License, Version 2.0: http://www.apache.org/licenses/LICENSE-2.0.txt",7bf7ed4119602e8a7b23356dc0fba920,069206e02e6a696034f06a59d3ddbfbba5a4cd81,pkg:maven/com.fasterxml.jackson.core/jackson-databind@2.12.4,"cpe:2.3:a:fasterxml:jackson-databind:2.12.4:*:*:*:*:*:*:*, cpe:2.3:a:fasterxml:jackson-modules-java8:2.12.4:*:*:*:*:*:*:*",CVE-2023-35116,CWE-770 Allocation of Resources Without Limits or Throttling,"** DISPUTED ** jackson-databind through 2.15.2 allows attackers to cause a denial of service or other unspecified impact via a crafted object that uses cyclic dependencies. NOTE: the vendor's perspective is that this is not a valid vulnerability report, because the steps of constructing a cyclic data structure and trying to serialize it cannot be achieved by an external attacker.",NVD,"","","",MEDIUM,4.7,CVSS:3.1/AV:L/AC:H/PR:L/UI:N/S:U/C:N/I:N/A:H,HIGH,40,"","","","","","","",""
devops-project #2,"Sun, 8 Oct 2023 15:12:09 +0200",achat-1.1.jar: logback-core-1.2.4.jar,/var/lib/jenkins/workspace/devops-project/target/achat-1.1.jar/BOOT-INF/lib/logback-core-1.2.4.jar,logback-core module,"http://www.eclipse.org/legal/epl-v10.html, http://www.gnu.org/licenses/old-licenses/lgpl-2.1.html",2af672f40145b4849e7cc6c815fd75a1,5f429ee58dbacf9040f846f1218c36ca6e851596,pkg:maven/ch.qos.logback/logback-core@1.2.4,cpe:2.3:a:qos:logback:1.2.4:*:*:*:*:*:*:*,CVE-2021-42550,CWE-502 Deserialization of Untrusted Data,"In logback version 1.2.7 and prior versions, an attacker with the required privileges to edit configurations files could craft a malicious configuration allowing to execute arbitrary code loaded from LDAP servers.",NVD,HIGH,8.5,/AV:N/AC:M/Au:S/C:C/I:C/A:C,MEDIUM,6.6,CVSS:3.1/AV:N/AC:H/PR:H/UI:N/S:U/C:H/I:H/A:H,HIGH,30,"","","","","","","",""
devops-project #2,"Sun, 8 Oct 2023 15:12:09 +0200",achat-1.1.jar: mysql-connector-java-8.0.26.jar,/var/lib/jenkins/workspace/devops-project/target/achat-1.1.jar/BOOT-INF/lib/mysql-connector-java-8.0.26.jar,JDBC Type 4 driver for MySQL,"The GNU General Public License, v2 with FOSS exception",13dc40cb6af41385e341539fd0b39f33,e5ec6610020a3084b7d32ee725d1650176f6b3de,pkg:maven/mysql/mysql-connector-java@8.0.26,cpe:2.3:a:mysql:mysql:8.0.26:*:*:*:*:*:*:*,CVE-2022-21363,CWE-310 Cryptographic Issues,"Vulnerability in the MySQL Connectors product of Oracle MySQL (component: Connector/J). Supported versions that are affected are 8.0.27 and prior. Difficult to exploit vulnerability allows high privileged attacker with network access via multiple protocols to compromise MySQL Connectors. Successful attacks of this vulnerability can result in takeover of MySQL Connectors. CVSS 3.1 Base Score 6.6 (Confidentiality, Integrity and Availability impacts). CVSS Vector: (CVSS:3.1/AV:N/AC:H/PR:H/UI:N/S:U/C:H/I:H/A:H).",OSSINDEX,"","","",MEDIUM,6.6,CVSS:3.1/AV:N/AC:H/PR:H/UI:N/S:U/C:H/I:H/A:H,HIGH,41,"","","","","","","",""
devops-project #2,"Sun, 8 Oct 2023 15:12:09 +0200",achat-1.1.jar: mysql-connector-java-8.0.26.jar,/var/lib/jenkins/workspace/devops-project/target/achat-1.1.jar/BOOT-INF/lib/mysql-connector-java-8.0.26.jar,JDBC Type 4 driver for MySQL,"The GNU General Public License, v2 with FOSS exception",13dc40cb6af41385e341539fd0b39f33,e5ec6610020a3084b7d32ee725d1650176f6b3de,pkg:maven/mysql/mysql-connector-java@8.0.26,cpe:2.3:a:mysql:mysql:8.0.26:*:*:*:*:*:*:*,CVE-2021-2471,CWE-611 Improper Restriction of XML External Entity Reference,Vulnerability in the MySQL Connectors product of Oracle MySQL (component: Connector/J). Supported versions that are affected are 8.0.26 and prior. Difficult to exploit vulnerability allows high privileged attacker with network access via multiple protocols to compromise MySQL Connectors. Successful attacks of this vulnerability can result in unauthorized access to critical data or complete access to all MySQL Connectors accessible data and unauthorized ability to cause a hang or frequently repeatable crash (complete DOS) of MySQL Connectors. CVSS 3.1 Base Score 5.9 (Confidentiality and Availability impacts). CVSS Vector: (CVSS:3.1/AV:N/AC:H/PR:H/UI:N/S:U/C:H/I:N/A:H).,OSSINDEX,"","","",MEDIUM,5.9,CVSS:3.1/AV:N/AC:H/PR:H/UI:N/S:U/C:H/I:N/A:H,HIGH,41,"","","","","","","",""
devops-project #2,"Sun, 8 Oct 2023 15:12:09 +0200",achat-1.1.jar: snakeyaml-1.28.jar,/var/lib/jenkins/workspace/devops-project/target/achat-1.1.jar/BOOT-INF/lib/snakeyaml-1.28.jar,YAML 1.1 parser and emitter for Java,"Apache License, Version 2.0: http://www.apache.org/licenses/LICENSE-2.0.txt",0fac676adf839a85e0ca7a3df05cb28b,7cae037c3014350c923776548e71c9feb7a69259,pkg:maven/org.yaml/snakeyaml@1.28,cpe:2.3:a:snakeyaml_project:snakeyaml:1.28:*:*:*:*:*:*:*,CVE-2022-1471,CWE-502 Deserialization of Untrusted Data,SnakeYaml's Constructor() class does not restrict types which can be instantiated during deserialization.Â Deserializing yaml content provided by an attacker can lead to remote code execution. We recommend using SnakeYaml's SafeConsturctor when parsing untrusted content to restrict deserialization. We recommend upgrading to version 2.0 and beyond.,NVD,"","","",CRITICAL,9.8,CVSS:3.1/AV:N/AC:L/PR:N/UI:N/S:U/C:H/I:H/A:H,HIGH,43,"","","","","","","",""
devops-project #2,"Sun, 8 Oct 2023 15:12:09 +0200",achat-1.1.jar: snakeyaml-1.28.jar,/var/lib/jenkins/workspace/devops-project/target/achat-1.1.jar/BOOT-INF/lib/snakeyaml-1.28.jar,YAML 1.1 parser and emitter for Java,"Apache License, Version 2.0: http://www.apache.org/licenses/LICENSE-2.0.txt",0fac676adf839a85e0ca7a3df05cb28b,7cae037c3014350c923776548e71c9feb7a69259,pkg:maven/org.yaml/snakeyaml@1.28,cpe:2.3:a:snakeyaml_project:snakeyaml:1.28:*:*:*:*:*:*:*,CVE-2022-25857,CWE-776 Improper Restriction of Recursive Entity References in DTDs ('XML Entity Expansion'),The package org.yaml:snakeyaml from 0 and before 1.31 are vulnerable to Denial of Service (DoS) due missing to nested depth limitation for collections.,NVD,"","","",HIGH,7.5,CVSS:3.1/AV:N/AC:L/PR:N/UI:N/S:U/C:N/I:N/A:H,HIGH,43,"","","","","","","",""
devops-project #2,"Sun, 8 Oct 2023 15:12:09 +0200",achat-1.1.jar: snakeyaml-1.28.jar,/var/lib/jenkins/workspace/devops-project/target/achat-1.1.jar/BOOT-INF/lib/snakeyaml-1.28.jar,YAML 1.1 parser and emitter for Java,"Apache License, Version 2.0: http://www.apache.org/licenses/LICENSE-2.0.txt",0fac676adf839a85e0ca7a3df05cb28b,7cae037c3014350c923776548e71c9feb7a69259,pkg:maven/org.yaml/snakeyaml@1.28,cpe:2.3:a:snakeyaml_project:snakeyaml:1.28:*:*:*:*:*:*:*,CVE-2022-38749,CWE-787 Out-of-bounds Write,"Using snakeYAML to parse untrusted YAML files may be vulnerable to Denial of Service attacks (DOS). If the parser is running on user supplied input, an attacker may supply content that causes the parser to crash by stackoverflow.",NVD,"","","",MEDIUM,6.5,CVSS:3.1/AV:N/AC:L/PR:L/UI:N/S:U/C:N/I:N/A:H,HIGH,43,"","","","","","","",""
devops-project #2,"Sun, 8 Oct 2023 15:12:09 +0200",achat-1.1.jar: snakeyaml-1.28.jar,/var/lib/jenkins/workspace/devops-project/target/achat-1.1.jar/BOOT-INF/lib/snakeyaml-1.28.jar,YAML 1.1 parser and emitter for Java,"Apache License, Version 2.0: http://www.apache.org/licenses/LICENSE-2.0.txt",0fac676adf839a85e0ca7a3df05cb28b,7cae037c3014350c923776548e71c9feb7a69259,pkg:maven/org.yaml/snakeyaml@1.28,cpe:2.3:a:snakeyaml_project:snakeyaml:1.28:*:*:*:*:*:*:*,CVE-2022-38751,CWE-787 Out-of-bounds Write,"Using snakeYAML to parse untrusted YAML files may be vulnerable to Denial of Service attacks (DOS). If the parser is running on user supplied input, an attacker may supply content that causes the parser to crash by stackoverflow.",NVD,"","","",MEDIUM,6.5,CVSS:3.1/AV:N/AC:L/PR:L/UI:N/S:U/C:N/I:N/A:H,HIGH,43,"","","","","","","",""
devops-project #2,"Sun, 8 Oct 2023 15:12:09 +0200",achat-1.1.jar: snakeyaml-1.28.jar,/var/lib/jenkins/workspace/devops-project/target/achat-1.1.jar/BOOT-INF/lib/snakeyaml-1.28.jar,YAML 1.1 parser and emitter for Java,"Apache License, Version 2.0: http://www.apache.org/licenses/LICENSE-2.0.txt",0fac676adf839a85e0ca7a3df05cb28b,7cae037c3014350c923776548e71c9feb7a69259,pkg:maven/org.yaml/snakeyaml@1.28,cpe:2.3:a:snakeyaml_project:snakeyaml:1.28:*:*:*:*:*:*:*,CVE-2022-38752,CWE-787 Out-of-bounds Write,"Using snakeYAML to parse untrusted YAML files may be vulnerable to Denial of Service attacks (DOS). If the parser is running on user supplied input, an attacker may supply content that causes the parser to crash by stack-overflow.",NVD,"","","",MEDIUM,6.5,CVSS:3.1/AV:N/AC:L/PR:L/UI:N/S:U/C:N/I:N/A:H,HIGH,43,"","","","","","","",""
devops-project #2,"Sun, 8 Oct 2023 15:12:09 +0200",achat-1.1.jar: snakeyaml-1.28.jar,/var/lib/jenkins/workspace/devops-project/target/achat-1.1.jar/BOOT-INF/lib/snakeyaml-1.28.jar,YAML 1.1 parser and emitter for Java,"Apache License, Version 2.0: http://www.apache.org/licenses/LICENSE-2.0.txt",0fac676adf839a85e0ca7a3df05cb28b,7cae037c3014350c923776548e71c9feb7a69259,pkg:maven/org.yaml/snakeyaml@1.28,cpe:2.3:a:snakeyaml_project:snakeyaml:1.28:*:*:*:*:*:*:*,CVE-2022-41854,CWE-787 Out-of-bounds Write,"Those using Snakeyaml to parse untrusted YAML files may be vulnerable to Denial of Service attacks (DOS). If the parser is running on user supplied input, an attacker may supply content that causes the parser to crash by stack overflow. This effect may support a denial of service attack.",NVD,"","","",MEDIUM,6.5,CVSS:3.1/AV:N/AC:L/PR:N/UI:R/S:U/C:N/I:N/A:H,HIGH,43,"","","","","","","",""
devops-project #2,"Sun, 8 Oct 2023 15:12:09 +0200",achat-1.1.jar: snakeyaml-1.28.jar,/var/lib/jenkins/workspace/devops-project/target/achat-1.1.jar/BOOT-INF/lib/snakeyaml-1.28.jar,YAML 1.1 parser and emitter for Java,"Apache License, Version 2.0: http://www.apache.org/licenses/LICENSE-2.0.txt",0fac676adf839a85e0ca7a3df05cb28b,7cae037c3014350c923776548e71c9feb7a69259,pkg:maven/org.yaml/snakeyaml@1.28,cpe:2.3:a:snakeyaml_project:snakeyaml:1.28:*:*:*:*:*:*:*,CVE-2022-38750,CWE-787 Out-of-bounds Write,"Using snakeYAML to parse untrusted YAML files may be vulnerable to Denial of Service attacks (DOS). If the parser is running on user supplied input, an attacker may supply content that causes the parser to crash by stackoverflow.",NVD,"","","",MEDIUM,5.5,CVSS:3.1/AV:L/AC:L/PR:N/UI:R/S:U/C:N/I:N/A:H,HIGH,43,"","","","","","","",""
devops-project #2,"Sun, 8 Oct 2023 15:12:09 +0200",achat-1.1.jar: spring-boot-2.5.3.jar,/var/lib/jenkins/workspace/devops-project/target/achat-1.1.jar/BOOT-INF/lib/spring-boot-2.5.3.jar,Spring Boot,"Apache License, Version 2.0: https://www.apache.org/licenses/LICENSE-2.0",5f665208487ba5c579904323202a73fc,e25d2de9e166a8bbbfae633fc03220ab36ac19a9,pkg:maven/org.springframework.boot/spring-boot@2.5.3,"cpe:2.3:a:spring:spring:2.5.3:*:*:*:*:*:*:*, cpe:2.3:a:vmware:spring:2.5.3:*:*:*:*:*:*:*, cpe:2.3:a:vmware:spring_boot:2.5.3:*:*:*:*:*:*:*",CVE-2023-20873,NVD-CWE-noinfo,"In Spring Boot versions 3.0.0 - 3.0.5, 2.7.0 - 2.7.10, and older unsupported versions, an application that is deployed to Cloud Foundry could be susceptible to a security bypass. Users of affected versions should apply the following mitigation: 3.0.x users should upgrade to 3.0.6+. 2.7.x users should upgrade to 2.7.11+. Users of older, unsupported versions should upgrade to 3.0.6+ or 2.7.11+.",NVD,"","","",CRITICAL,9.8,CVSS:3.1/AV:N/AC:L/PR:N/UI:N/S:U/C:H/I:H/A:H,HIGH,42,"","","","","","","",""
devops-project #2,"Sun, 8 Oct 2023 15:12:09 +0200",achat-1.1.jar: spring-boot-2.5.3.jar,/var/lib/jenkins/workspace/devops-project/target/achat-1.1.jar/BOOT-INF/lib/spring-boot-2.5.3.jar,Spring Boot,"Apache License, Version 2.0: https://www.apache.org/licenses/LICENSE-2.0",5f665208487ba5c579904323202a73fc,e25d2de9e166a8bbbfae633fc03220ab36ac19a9,pkg:maven/org.springframework.boot/spring-boot@2.5.3,"cpe:2.3:a:spring:spring:2.5.3:*:*:*:*:*:*:*, cpe:2.3:a:vmware:spring:2.5.3:*:*:*:*:*:*:*, cpe:2.3:a:vmware:spring_boot:2.5.3:*:*:*:*:*:*:*",CVE-2023-20883,CWE-400 Uncontrolled Resource Consumption,"In Spring Boot versions 3.0.0 - 3.0.6, 2.7.0 - 2.7.11, 2.6.0 - 2.6.14, 2.5.0 - 2.5.14 and older unsupported versions, there is potential for a denial-of-service (DoS) attack if Spring MVC is used together with a reverse proxy cache.",NVD,"","","",HIGH,7.5,CVSS:3.1/AV:N/AC:L/PR:N/UI:N/S:U/C:N/I:N/A:H,HIGH,42,"","","","","","","",""
devops-project #2,"Sun, 8 Oct 2023 15:12:09 +0200",achat-1.1.jar: spring-core-5.3.9.jar,/var/lib/jenkins/workspace/devops-project/target/achat-1.1.jar/BOOT-INF/lib/spring-core-5.3.9.jar,Spring Core,"Apache License, Version 2.0: https://www.apache.org/licenses/LICENSE-2.0",ed404d466e109555f27e83a938ff7f26,cfef19d1dfa41d56f8de66238dc015334997d573,pkg:maven/org.springframework/spring-core@5.3.9,"cpe:2.3:a:pivotal_software:spring_framework:5.3.9:*:*:*:*:*:*:*, cpe:2.3:a:spring:spring:5.3.9:*:*:*:*:*:*:*, cpe:2.3:a:springsource:spring_framework:5.3.9:*:*:*:*:*:*:*, cpe:2.3:a:vmware:spring:5.3.9:*:*:*:*:*:*:*, cpe:2.3:a:vmware:spring_framework:5.3.9:*:*:*:*:*:*:*",CVE-2022-22965,CWE-94 Improper Control of Generation of Code ('Code Injection'),"A Spring MVC or Spring WebFlux application running on JDK 9+ may be vulnerable to remote code execution (RCE) via data binding. The specific exploit requires the application to run on Tomcat as a WAR deployment. If the application is deployed as a Spring Boot executable jar, i.e. the default, it is not vulnerable to the exploit. However, the nature of the vulnerability is more general, and there may be other ways to exploit it.",NVD,HIGH,7.5,/AV:N/AC:L/Au:N/C:P/I:P/A:P,CRITICAL,9.8,CVSS:3.1/AV:N/AC:L/PR:N/UI:N/S:U/C:H/I:H/A:H,HIGH,39,VMware,Spring Framework,Spring Framework JDK 9+ Remote Code Execution Vulnerability,2022-04-04,Spring MVC or Spring WebFlux application running on JDK 9+ may be vulnerable to remote code execution (RCE) via data binding.,Apply updates per vendor instructions.,2022-04-25,""
devops-project #2,"Sun, 8 Oct 2023 15:12:09 +0200",achat-1.1.jar: spring-core-5.3.9.jar,/var/lib/jenkins/workspace/devops-project/target/achat-1.1.jar/BOOT-INF/lib/spring-core-5.3.9.jar,Spring Core,"Apache License, Version 2.0: https://www.apache.org/licenses/LICENSE-2.0",ed404d466e109555f27e83a938ff7f26,cfef19d1dfa41d56f8de66238dc015334997d573,pkg:maven/org.springframework/spring-core@5.3.9,"cpe:2.3:a:pivotal_software:spring_framework:5.3.9:*:*:*:*:*:*:*, cpe:2.3:a:spring:spring:5.3.9:*:*:*:*:*:*:*, cpe:2.3:a:springsource:spring_framework:5.3.9:*:*:*:*:*:*:*, cpe:2.3:a:vmware:spring:5.3.9:*:*:*:*:*:*:*, cpe:2.3:a:vmware:spring_framework:5.3.9:*:*:*:*:*:*:*",CVE-2023-20860,NVD-CWE-noinfo,"Spring Framework running version 6.0.0 - 6.0.6 or 5.3.0 - 5.3.25 using ""**"" as a pattern in Spring Security configuration with the mvcRequestMatcher creates a mismatch in pattern matching between Spring Security and Spring MVC, and the potential for a security bypass.",NVD,"","","",HIGH,7.5,CVSS:3.1/AV:N/AC:L/PR:N/UI:N/S:U/C:N/I:H/A:N,HIGH,39,"","","","","","","",""
devops-project #2,"Sun, 8 Oct 2023 15:12:09 +0200",achat-1.1.jar: spring-core-5.3.9.jar,/var/lib/jenkins/workspace/devops-project/target/achat-1.1.jar/BOOT-INF/lib/spring-core-5.3.9.jar,Spring Core,"Apache License, Version 2.0: https://www.apache.org/licenses/LICENSE-2.0",ed404d466e109555f27e83a938ff7f26,cfef19d1dfa41d56f8de66238dc015334997d573,pkg:maven/org.springframework/spring-core@5.3.9,"cpe:2.3:a:pivotal_software:spring_framework:5.3.9:*:*:*:*:*:*:*, cpe:2.3:a:spring:spring:5.3.9:*:*:*:*:*:*:*, cpe:2.3:a:springsource:spring_framework:5.3.9:*:*:*:*:*:*:*, cpe:2.3:a:vmware:spring:5.3.9:*:*:*:*:*:*:*, cpe:2.3:a:vmware:spring_framework:5.3.9:*:*:*:*:*:*:*",CVE-2022-22950,CWE-770 Allocation of Resources Without Limits or Throttling,"n Spring Framework versions 5.3.0 - 5.3.16 and older unsupported versions, it is possible for a user to provide a specially crafted SpEL expression that may cause a denial of service condition.",NVD,MEDIUM,4.0,/AV:N/AC:L/Au:S/C:N/I:N/A:P,MEDIUM,6.5,CVSS:3.1/AV:N/AC:L/PR:L/UI:N/S:U/C:N/I:N/A:H,HIGH,39,"","","","","","","",""
devops-project #2,"Sun, 8 Oct 2023 15:12:09 +0200",achat-1.1.jar: spring-core-5.3.9.jar,/var/lib/jenkins/workspace/devops-project/target/achat-1.1.jar/BOOT-INF/lib/spring-core-5.3.9.jar,Spring Core,"Apache License, Version 2.0: https://www.apache.org/licenses/LICENSE-2.0",ed404d466e109555f27e83a938ff7f26,cfef19d1dfa41d56f8de66238dc015334997d573,pkg:maven/org.springframework/spring-core@5.3.9,"cpe:2.3:a:pivotal_software:spring_framework:5.3.9:*:*:*:*:*:*:*, cpe:2.3:a:spring:spring:5.3.9:*:*:*:*:*:*:*, cpe:2.3:a:springsource:spring_framework:5.3.9:*:*:*:*:*:*:*, cpe:2.3:a:vmware:spring:5.3.9:*:*:*:*:*:*:*, cpe:2.3:a:vmware:spring_framework:5.3.9:*:*:*:*:*:*:*",CVE-2022-22971,CWE-770 Allocation of Resources Without Limits or Throttling,"In spring framework versions prior to 5.3.20+ , 5.2.22+ and old unsupported versions, application with a STOMP over WebSocket endpoint is vulnerable to a denial of service attack by an authenticated user.",NVD,MEDIUM,4.0,/AV:N/AC:L/Au:S/C:N/I:N/A:P,MEDIUM,6.5,CVSS:3.1/AV:N/AC:L/PR:L/UI:N/S:U/C:N/I:N/A:H,HIGH,39,"","","","","","","",""
devops-project #2,"Sun, 8 Oct 2023 15:12:09 +0200",achat-1.1.jar: spring-core-5.3.9.jar,/var/lib/jenkins/workspace/devops-project/target/achat-1.1.jar/BOOT-INF/lib/spring-core-5.3.9.jar,Spring Core,"Apache License, Version 2.0: https://www.apache.org/licenses/LICENSE-2.0",ed404d466e109555f27e83a938ff7f26,cfef19d1dfa41d56f8de66238dc015334997d573,pkg:maven/org.springframework/spring-core@5.3.9,"cpe:2.3:a:pivotal_software:spring_framework:5.3.9:*:*:*:*:*:*:*, cpe:2.3:a:spring:spring:5.3.9:*:*:*:*:*:*:*, cpe:2.3:a:springsource:spring_framework:5.3.9:*:*:*:*:*:*:*, cpe:2.3:a:vmware:spring:5.3.9:*:*:*:*:*:*:*, cpe:2.3:a:vmware:spring_framework:5.3.9:*:*:*:*:*:*:*",CVE-2023-20861,NVD-CWE-noinfo,"In Spring Framework versions 6.0.0 - 6.0.6, 5.3.0 - 5.3.25, 5.2.0.RELEASE - 5.2.22.RELEASE, and older unsupported versions, it is possible for a user to provide a specially crafted SpEL expression that may cause a denial-of-service (DoS) condition.",NVD,"","","",MEDIUM,6.5,CVSS:3.1/AV:N/AC:L/PR:L/UI:N/S:U/C:N/I:N/A:H,HIGH,39,"","","","","","","",""
devops-project #2,"Sun, 8 Oct 2023 15:12:09 +0200",achat-1.1.jar: spring-core-5.3.9.jar,/var/lib/jenkins/workspace/devops-project/target/achat-1.1.jar/BOOT-INF/lib/spring-core-5.3.9.jar,Spring Core,"Apache License, Version 2.0: https://www.apache.org/licenses/LICENSE-2.0",ed404d466e109555f27e83a938ff7f26,cfef19d1dfa41d56f8de66238dc015334997d573,pkg:maven/org.springframework/spring-core@5.3.9,"cpe:2.3:a:pivotal_software:spring_framework:5.3.9:*:*:*:*:*:*:*, cpe:2.3:a:spring:spring:5.3.9:*:*:*:*:*:*:*, cpe:2.3:a:springsource:spring_framework:5.3.9:*:*:*:*:*:*:*, cpe:2.3:a:vmware:spring:5.3.9:*:*:*:*:*:*:*, cpe:2.3:a:vmware:spring_framework:5.3.9:*:*:*:*:*:*:*",CVE-2023-20863,CWE-917 Improper Neutralization of Special Elements used in an Expression Language Statement ('Expression Language Injection'),"In spring framework versions prior to 5.2.24 release+ ,5.3.27+ and 6.0.8+ , it is possible for a user to provide a specially crafted SpEL expression that may cause a denial-of-service (DoS) condition.",NVD,"","","",MEDIUM,6.5,CVSS:3.1/AV:N/AC:L/PR:L/UI:N/S:U/C:N/I:N/A:H,HIGH,39,"","","","","","","",""
devops-project #2,"Sun, 8 Oct 2023 15:12:09 +0200",achat-1.1.jar: spring-core-5.3.9.jar,/var/lib/jenkins/workspace/devops-project/target/achat-1.1.jar/BOOT-INF/lib/spring-core-5.3.9.jar,Spring Core,"Apache License, Version 2.0: https://www.apache.org/licenses/LICENSE-2.0",ed404d466e109555f27e83a938ff7f26,cfef19d1dfa41d56f8de66238dc015334997d573,pkg:maven/org.springframework/spring-core@5.3.9,"cpe:2.3:a:pivotal_software:spring_framework:5.3.9:*:*:*:*:*:*:*, cpe:2.3:a:spring:spring:5.3.9:*:*:*:*:*:*:*, cpe:2.3:a:springsource:spring_framework:5.3.9:*:*:*:*:*:*:*, cpe:2.3:a:vmware:spring:5.3.9:*:*:*:*:*:*:*, cpe:2.3:a:vmware:spring_framework:5.3.9:*:*:*:*:*:*:*",CVE-2022-22968,CWE-178 Improper Handling of Case Sensitivity,"In Spring Framework versions 5.3.0 - 5.3.18, 5.2.0 - 5.2.20, and older unsupported versions, the patterns for disallowedFields on a DataBinder are case sensitive which means a field is not effectively protected unless it is listed with both upper and lower case for the first character of the field, including upper and lower case for the first character of all nested fields within the property path.",NVD,MEDIUM,5.0,/AV:N/AC:L/Au:N/C:N/I:P/A:N,MEDIUM,5.3,CVSS:3.1/AV:N/AC:L/PR:N/UI:N/S:U/C:N/I:L/A:N,HIGH,39,"","","","","","","",""
devops-project #2,"Sun, 8 Oct 2023 15:12:09 +0200",achat-1.1.jar: spring-core-5.3.9.jar,/var/lib/jenkins/workspace/devops-project/target/achat-1.1.jar/BOOT-INF/lib/spring-core-5.3.9.jar,Spring Core,"Apache License, Version 2.0: https://www.apache.org/licenses/LICENSE-2.0",ed404d466e109555f27e83a938ff7f26,cfef19d1dfa41d56f8de66238dc015334997d573,pkg:maven/org.springframework/spring-core@5.3.9,"cpe:2.3:a:pivotal_software:spring_framework:5.3.9:*:*:*:*:*:*:*, cpe:2.3:a:spring:spring:5.3.9:*:*:*:*:*:*:*, cpe:2.3:a:springsource:spring_framework:5.3.9:*:*:*:*:*:*:*, cpe:2.3:a:vmware:spring:5.3.9:*:*:*:*:*:*:*, cpe:2.3:a:vmware:spring_framework:5.3.9:*:*:*:*:*:*:*",CVE-2022-22970,CWE-770 Allocation of Resources Without Limits or Throttling,"In spring framework versions prior to 5.3.20+ , 5.2.22+ and old unsupported versions, applications that handle file uploads are vulnerable to DoS attack if they rely on data binding to set a MultipartFile or javax.servlet.Part to a field in a model object.",NVD,LOW,3.5,/AV:N/AC:M/Au:S/C:N/I:N/A:P,MEDIUM,5.3,CVSS:3.1/AV:N/AC:H/PR:L/UI:N/S:U/C:N/I:N/A:H,HIGH,39,"","","","","","","",""
devops-project #2,"Sun, 8 Oct 2023 15:12:09 +0200",achat-1.1.jar: spring-core-5.3.9.jar,/var/lib/jenkins/workspace/devops-project/target/achat-1.1.jar/BOOT-INF/lib/spring-core-5.3.9.jar,Spring Core,"Apache License, Version 2.0: https://www.apache.org/licenses/LICENSE-2.0",ed404d466e109555f27e83a938ff7f26,cfef19d1dfa41d56f8de66238dc015334997d573,pkg:maven/org.springframework/spring-core@5.3.9,"cpe:2.3:a:pivotal_software:spring_framework:5.3.9:*:*:*:*:*:*:*, cpe:2.3:a:spring:spring:5.3.9:*:*:*:*:*:*:*, cpe:2.3:a:springsource:spring_framework:5.3.9:*:*:*:*:*:*:*, cpe:2.3:a:vmware:spring:5.3.9:*:*:*:*:*:*:*, cpe:2.3:a:vmware:spring_framework:5.3.9:*:*:*:*:*:*:*",CVE-2021-22060,NVD-CWE-noinfo,"In Spring Framework versions 5.3.0 - 5.3.13, 5.2.0 - 5.2.18, and older unsupported versions, it is possible for a user to provide malicious input to cause the insertion of additional log entries. This is a follow-up to CVE-2021-22096 that protects against additional types of input and in more places of the Spring Framework codebase.",NVD,MEDIUM,4.0,/AV:N/AC:L/Au:S/C:N/I:P/A:N,MEDIUM,4.3,CVSS:3.1/AV:N/AC:L/PR:L/UI:N/S:U/C:N/I:L/A:N,HIGH,39,"","","","","","","",""
devops-project #2,"Sun, 8 Oct 2023 15:12:09 +0200",achat-1.1.jar: spring-core-5.3.9.jar,/var/lib/jenkins/workspace/devops-project/target/achat-1.1.jar/BOOT-INF/lib/spring-core-5.3.9.jar,Spring Core,"Apache License, Version 2.0: https://www.apache.org/licenses/LICENSE-2.0",ed404d466e109555f27e83a938ff7f26,cfef19d1dfa41d56f8de66238dc015334997d573,pkg:maven/org.springframework/spring-core@5.3.9,"cpe:2.3:a:pivotal_software:spring_framework:5.3.9:*:*:*:*:*:*:*, cpe:2.3:a:spring:spring:5.3.9:*:*:*:*:*:*:*, cpe:2.3:a:springsource:spring_framework:5.3.9:*:*:*:*:*:*:*, cpe:2.3:a:vmware:spring:5.3.9:*:*:*:*:*:*:*, cpe:2.3:a:vmware:spring_framework:5.3.9:*:*:*:*:*:*:*",CVE-2021-22096,NVD-CWE-Other,"In Spring Framework versions 5.3.0 - 5.3.10, 5.2.0 - 5.2.17, and older unsupported versions, it is possible for a user to provide malicious input to cause the insertion of additional log entries.",NVD,MEDIUM,4.0,/AV:N/AC:L/Au:S/C:N/I:P/A:N,MEDIUM,4.3,CVSS:3.1/AV:N/AC:L/PR:L/UI:N/S:U/C:N/I:L/A:N,HIGH,39,"","","","","","","",""
devops-project #2,"Sun, 8 Oct 2023 15:12:09 +0200",achat-1.1.jar: spring-web-5.3.9.jar,/var/lib/jenkins/workspace/devops-project/target/achat-1.1.jar/BOOT-INF/lib/spring-web-5.3.9.jar,Spring Web,"Apache License, Version 2.0: https://www.apache.org/licenses/LICENSE-2.0",da5279d25d36b18f599829f5723d338c,88c920ec1bda67fea04daa8e16165777440df473,pkg:maven/org.springframework/spring-web@5.3.9,"cpe:2.3:a:pivotal_software:spring_framework:5.3.9:*:*:*:*:*:*:*, cpe:2.3:a:spring:spring:5.3.9:*:*:*:*:*:*:*, cpe:2.3:a:springsource:spring_framework:5.3.9:*:*:*:*:*:*:*, cpe:2.3:a:vmware:spring:5.3.9:*:*:*:*:*:*:*, cpe:2.3:a:vmware:spring_framework:5.3.9:*:*:*:*:*:*:*, cpe:2.3:a:web_project:web:5.3.9:*:*:*:*:*:*:*",CVE-2016-1000027,CWE-502 Deserialization of Untrusted Data,"Pivotal Spring Framework through 5.3.16 suffers from a potential remote code execution (RCE) issue if used for Java deserialization of untrusted data. Depending on how the library is implemented within a product, this issue may or not occur, and authentication may be required. NOTE: the vendor's position is that untrusted data is not an intended use case. The product's behavior will not be changed because some users rely on deserialization of trusted data.",NVD,HIGH,7.5,/AV:N/AC:L/Au:N/C:P/I:P/A:P,CRITICAL,9.8,CVSS:3.1/AV:N/AC:L/PR:N/UI:N/S:U/C:H/I:H/A:H,HIGH,39,"","","","","","","",""
devops-project #2,"Sun, 8 Oct 2023 15:12:09 +0200",achat-1.1.jar: spring-web-5.3.9.jar,/var/lib/jenkins/workspace/devops-project/target/achat-1.1.jar/BOOT-INF/lib/spring-web-5.3.9.jar,Spring Web,"Apache License, Version 2.0: https://www.apache.org/licenses/LICENSE-2.0",da5279d25d36b18f599829f5723d338c,88c920ec1bda67fea04daa8e16165777440df473,pkg:maven/org.springframework/spring-web@5.3.9,"cpe:2.3:a:pivotal_software:spring_framework:5.3.9:*:*:*:*:*:*:*, cpe:2.3:a:spring:spring:5.3.9:*:*:*:*:*:*:*, cpe:2.3:a:springsource:spring_framework:5.3.9:*:*:*:*:*:*:*, cpe:2.3:a:vmware:spring:5.3.9:*:*:*:*:*:*:*, cpe:2.3:a:vmware:spring_framework:5.3.9:*:*:*:*:*:*:*, cpe:2.3:a:web_project:web:5.3.9:*:*:*:*:*:*:*",CVE-2022-22965,CWE-94 Improper Control of Generation of Code ('Code Injection'),"A Spring MVC or Spring WebFlux application running on JDK 9+ may be vulnerable to remote code execution (RCE) via data binding. The specific exploit requires the application to run on Tomcat as a WAR deployment. If the application is deployed as a Spring Boot executable jar, i.e. the default, it is not vulnerable to the exploit. However, the nature of the vulnerability is more general, and there may be other ways to exploit it.",NVD,HIGH,7.5,/AV:N/AC:L/Au:N/C:P/I:P/A:P,CRITICAL,9.8,CVSS:3.1/AV:N/AC:L/PR:N/UI:N/S:U/C:H/I:H/A:H,HIGH,39,VMware,Spring Framework,Spring Framework JDK 9+ Remote Code Execution Vulnerability,2022-04-04,Spring MVC or Spring WebFlux application running on JDK 9+ may be vulnerable to remote code execution (RCE) via data binding.,Apply updates per vendor instructions.,2022-04-25,""
devops-project #2,"Sun, 8 Oct 2023 15:12:09 +0200",achat-1.1.jar: spring-web-5.3.9.jar,/var/lib/jenkins/workspace/devops-project/target/achat-1.1.jar/BOOT-INF/lib/spring-web-5.3.9.jar,Spring Web,"Apache License, Version 2.0: https://www.apache.org/licenses/LICENSE-2.0",da5279d25d36b18f599829f5723d338c,88c920ec1bda67fea04daa8e16165777440df473,pkg:maven/org.springframework/spring-web@5.3.9,"cpe:2.3:a:pivotal_software:spring_framework:5.3.9:*:*:*:*:*:*:*, cpe:2.3:a:spring:spring:5.3.9:*:*:*:*:*:*:*, cpe:2.3:a:springsource:spring_framework:5.3.9:*:*:*:*:*:*:*, cpe:2.3:a:vmware:spring:5.3.9:*:*:*:*:*:*:*, cpe:2.3:a:vmware:spring_framework:5.3.9:*:*:*:*:*:*:*, cpe:2.3:a:web_project:web:5.3.9:*:*:*:*:*:*:*",CVE-2023-20860,NVD-CWE-noinfo,"Spring Framework running version 6.0.0 - 6.0.6 or 5.3.0 - 5.3.25 using ""**"" as a pattern in Spring Security configuration with the mvcRequestMatcher creates a mismatch in pattern matching between Spring Security and Spring MVC, and the potential for a security bypass.",NVD,"","","",HIGH,7.5,CVSS:3.1/AV:N/AC:L/PR:N/UI:N/S:U/C:N/I:H/A:N,HIGH,39,"","","","","","","",""
devops-project #2,"Sun, 8 Oct 2023 15:12:09 +0200",achat-1.1.jar: spring-web-5.3.9.jar,/var/lib/jenkins/workspace/devops-project/target/achat-1.1.jar/BOOT-INF/lib/spring-web-5.3.9.jar,Spring Web,"Apache License, Version 2.0: https://www.apache.org/licenses/LICENSE-2.0",da5279d25d36b18f599829f5723d338c,88c920ec1bda67fea04daa8e16165777440df473,pkg:maven/org.springframework/spring-web@5.3.9,"cpe:2.3:a:pivotal_software:spring_framework:5.3.9:*:*:*:*:*:*:*, cpe:2.3:a:spring:spring:5.3.9:*:*:*:*:*:*:*, cpe:2.3:a:springsource:spring_framework:5.3.9:*:*:*:*:*:*:*, cpe:2.3:a:vmware:spring:5.3.9:*:*:*:*:*:*:*, cpe:2.3:a:vmware:spring_framework:5.3.9:*:*:*:*:*:*:*, cpe:2.3:a:web_project:web:5.3.9:*:*:*:*:*:*:*",CVE-2022-22950,CWE-770 Allocation of Resources Without Limits or Throttling,"n Spring Framework versions 5.3.0 - 5.3.16 and older unsupported versions, it is possible for a user to provide a specially crafted SpEL expression that may cause a denial of service condition.",NVD,MEDIUM,4.0,/AV:N/AC:L/Au:S/C:N/I:N/A:P,MEDIUM,6.5,CVSS:3.1/AV:N/AC:L/PR:L/UI:N/S:U/C:N/I:N/A:H,HIGH,39,"","","","","","","",""
devops-project #2,"Sun, 8 Oct 2023 15:12:09 +0200",achat-1.1.jar: spring-web-5.3.9.jar,/var/lib/jenkins/workspace/devops-project/target/achat-1.1.jar/BOOT-INF/lib/spring-web-5.3.9.jar,Spring Web,"Apache License, Version 2.0: https://www.apache.org/licenses/LICENSE-2.0",da5279d25d36b18f599829f5723d338c,88c920ec1bda67fea04daa8e16165777440df473,pkg:maven/org.springframework/spring-web@5.3.9,"cpe:2.3:a:pivotal_software:spring_framework:5.3.9:*:*:*:*:*:*:*, cpe:2.3:a:spring:spring:5.3.9:*:*:*:*:*:*:*, cpe:2.3:a:springsource:spring_framework:5.3.9:*:*:*:*:*:*:*, cpe:2.3:a:vmware:spring:5.3.9:*:*:*:*:*:*:*, cpe:2.3:a:vmware:spring_framework:5.3.9:*:*:*:*:*:*:*, cpe:2.3:a:web_project:web:5.3.9:*:*:*:*:*:*:*",CVE-2022-22971,CWE-770 Allocation of Resources Without Limits or Throttling,"In spring framework versions prior to 5.3.20+ , 5.2.22+ and old unsupported versions, application with a STOMP over WebSocket endpoint is vulnerable to a denial of service attack by an authenticated user.",NVD,MEDIUM,4.0,/AV:N/AC:L/Au:S/C:N/I:N/A:P,MEDIUM,6.5,CVSS:3.1/AV:N/AC:L/PR:L/UI:N/S:U/C:N/I:N/A:H,HIGH,39,"","","","","","","",""
devops-project #2,"Sun, 8 Oct 2023 15:12:09 +0200",achat-1.1.jar: spring-web-5.3.9.jar,/var/lib/jenkins/workspace/devops-project/target/achat-1.1.jar/BOOT-INF/lib/spring-web-5.3.9.jar,Spring Web,"Apache License, Version 2.0: https://www.apache.org/licenses/LICENSE-2.0",da5279d25d36b18f599829f5723d338c,88c920ec1bda67fea04daa8e16165777440df473,pkg:maven/org.springframework/spring-web@5.3.9,"cpe:2.3:a:pivotal_software:spring_framework:5.3.9:*:*:*:*:*:*:*, cpe:2.3:a:spring:spring:5.3.9:*:*:*:*:*:*:*, cpe:2.3:a:springsource:spring_framework:5.3.9:*:*:*:*:*:*:*, cpe:2.3:a:vmware:spring:5.3.9:*:*:*:*:*:*:*, cpe:2.3:a:vmware:spring_framework:5.3.9:*:*:*:*:*:*:*, cpe:2.3:a:web_project:web:5.3.9:*:*:*:*:*:*:*",CVE-2023-20861,NVD-CWE-noinfo,"In Spring Framework versions 6.0.0 - 6.0.6, 5.3.0 - 5.3.25, 5.2.0.RELEASE - 5.2.22.RELEASE, and older unsupported versions, it is possible for a user to provide a specially crafted SpEL expression that may cause a denial-of-service (DoS) condition.",NVD,"","","",MEDIUM,6.5,CVSS:3.1/AV:N/AC:L/PR:L/UI:N/S:U/C:N/I:N/A:H,HIGH,39,"","","","","","","",""
devops-project #2,"Sun, 8 Oct 2023 15:12:09 +0200",achat-1.1.jar: spring-web-5.3.9.jar,/var/lib/jenkins/workspace/devops-project/target/achat-1.1.jar/BOOT-INF/lib/spring-web-5.3.9.jar,Spring Web,"Apache License, Version 2.0: https://www.apache.org/licenses/LICENSE-2.0",da5279d25d36b18f599829f5723d338c,88c920ec1bda67fea04daa8e16165777440df473,pkg:maven/org.springframework/spring-web@5.3.9,"cpe:2.3:a:pivotal_software:spring_framework:5.3.9:*:*:*:*:*:*:*, cpe:2.3:a:spring:spring:5.3.9:*:*:*:*:*:*:*, cpe:2.3:a:springsource:spring_framework:5.3.9:*:*:*:*:*:*:*, cpe:2.3:a:vmware:spring:5.3.9:*:*:*:*:*:*:*, cpe:2.3:a:vmware:spring_framework:5.3.9:*:*:*:*:*:*:*, cpe:2.3:a:web_project:web:5.3.9:*:*:*:*:*:*:*",CVE-2023-20863,CWE-917 Improper Neutralization of Special Elements used in an Expression Language Statement ('Expression Language Injection'),"In spring framework versions prior to 5.2.24 release+ ,5.3.27+ and 6.0.8+ , it is possible for a user to provide a specially crafted SpEL expression that may cause a denial-of-service (DoS) condition.",NVD,"","","",MEDIUM,6.5,CVSS:3.1/AV:N/AC:L/PR:L/UI:N/S:U/C:N/I:N/A:H,HIGH,39,"","","","","","","",""
devops-project #2,"Sun, 8 Oct 2023 15:12:09 +0200",achat-1.1.jar: spring-web-5.3.9.jar,/var/lib/jenkins/workspace/devops-project/target/achat-1.1.jar/BOOT-INF/lib/spring-web-5.3.9.jar,Spring Web,"Apache License, Version 2.0: https://www.apache.org/licenses/LICENSE-2.0",da5279d25d36b18f599829f5723d338c,88c920ec1bda67fea04daa8e16165777440df473,pkg:maven/org.springframework/spring-web@5.3.9,"cpe:2.3:a:pivotal_software:spring_framework:5.3.9:*:*:*:*:*:*:*, cpe:2.3:a:spring:spring:5.3.9:*:*:*:*:*:*:*, cpe:2.3:a:springsource:spring_framework:5.3.9:*:*:*:*:*:*:*, cpe:2.3:a:vmware:spring:5.3.9:*:*:*:*:*:*:*, cpe:2.3:a:vmware:spring_framework:5.3.9:*:*:*:*:*:*:*, cpe:2.3:a:web_project:web:5.3.9:*:*:*:*:*:*:*",CVE-2022-22968,CWE-178 Improper Handling of Case Sensitivity,"In Spring Framework versions 5.3.0 - 5.3.18, 5.2.0 - 5.2.20, and older unsupported versions, the patterns for disallowedFields on a DataBinder are case sensitive which means a field is not effectively protected unless it is listed with both upper and lower case for the first character of the field, including upper and lower case for the first character of all nested fields within the property path.",NVD,MEDIUM,5.0,/AV:N/AC:L/Au:N/C:N/I:P/A:N,MEDIUM,5.3,CVSS:3.1/AV:N/AC:L/PR:N/UI:N/S:U/C:N/I:L/A:N,HIGH,39,"","","","","","","",""
devops-project #2,"Sun, 8 Oct 2023 15:12:09 +0200",achat-1.1.jar: spring-web-5.3.9.jar,/var/lib/jenkins/workspace/devops-project/target/achat-1.1.jar/BOOT-INF/lib/spring-web-5.3.9.jar,Spring Web,"Apache License, Version 2.0: https://www.apache.org/licenses/LICENSE-2.0",da5279d25d36b18f599829f5723d338c,88c920ec1bda67fea04daa8e16165777440df473,pkg:maven/org.springframework/spring-web@5.3.9,"cpe:2.3:a:pivotal_software:spring_framework:5.3.9:*:*:*:*:*:*:*, cpe:2.3:a:spring:spring:5.3.9:*:*:*:*:*:*:*, cpe:2.3:a:springsource:spring_framework:5.3.9:*:*:*:*:*:*:*, cpe:2.3:a:vmware:spring:5.3.9:*:*:*:*:*:*:*, cpe:2.3:a:vmware:spring_framework:5.3.9:*:*:*:*:*:*:*, cpe:2.3:a:web_project:web:5.3.9:*:*:*:*:*:*:*",CVE-2022-22970,CWE-770 Allocation of Resources Without Limits or Throttling,"In spring framework versions prior to 5.3.20+ , 5.2.22+ and old unsupported versions, applications that handle file uploads are vulnerable to DoS attack if they rely on data binding to set a MultipartFile or javax.servlet.Part to a field in a model object.",NVD,LOW,3.5,/AV:N/AC:M/Au:S/C:N/I:N/A:P,MEDIUM,5.3,CVSS:3.1/AV:N/AC:H/PR:L/UI:N/S:U/C:N/I:N/A:H,HIGH,39,"","","","","","","",""
devops-project #2,"Sun, 8 Oct 2023 15:12:09 +0200",achat-1.1.jar: spring-web-5.3.9.jar,/var/lib/jenkins/workspace/devops-project/target/achat-1.1.jar/BOOT-INF/lib/spring-web-5.3.9.jar,Spring Web,"Apache License, Version 2.0: https://www.apache.org/licenses/LICENSE-2.0",da5279d25d36b18f599829f5723d338c,88c920ec1bda67fea04daa8e16165777440df473,pkg:maven/org.springframework/spring-web@5.3.9,"cpe:2.3:a:pivotal_software:spring_framework:5.3.9:*:*:*:*:*:*:*, cpe:2.3:a:spring:spring:5.3.9:*:*:*:*:*:*:*, cpe:2.3:a:springsource:spring_framework:5.3.9:*:*:*:*:*:*:*, cpe:2.3:a:vmware:spring:5.3.9:*:*:*:*:*:*:*, cpe:2.3:a:vmware:spring_framework:5.3.9:*:*:*:*:*:*:*, cpe:2.3:a:web_project:web:5.3.9:*:*:*:*:*:*:*",CVE-2021-22060,NVD-CWE-noinfo,"In Spring Framework versions 5.3.0 - 5.3.13, 5.2.0 - 5.2.18, and older unsupported versions, it is possible for a user to provide malicious input to cause the insertion of additional log entries. This is a follow-up to CVE-2021-22096 that protects against additional types of input and in more places of the Spring Framework codebase.",NVD,MEDIUM,4.0,/AV:N/AC:L/Au:S/C:N/I:P/A:N,MEDIUM,4.3,CVSS:3.1/AV:N/AC:L/PR:L/UI:N/S:U/C:N/I:L/A:N,HIGH,39,"","","","","","","",""
devops-project #2,"Sun, 8 Oct 2023 15:12:09 +0200",achat-1.1.jar: spring-web-5.3.9.jar,/var/lib/jenkins/workspace/devops-project/target/achat-1.1.jar/BOOT-INF/lib/spring-web-5.3.9.jar,Spring Web,"Apache License, Version 2.0: https://www.apache.org/licenses/LICENSE-2.0",da5279d25d36b18f599829f5723d338c,88c920ec1bda67fea04daa8e16165777440df473,pkg:maven/org.springframework/spring-web@5.3.9,"cpe:2.3:a:pivotal_software:spring_framework:5.3.9:*:*:*:*:*:*:*, cpe:2.3:a:spring:spring:5.3.9:*:*:*:*:*:*:*, cpe:2.3:a:springsource:spring_framework:5.3.9:*:*:*:*:*:*:*, cpe:2.3:a:vmware:spring:5.3.9:*:*:*:*:*:*:*, cpe:2.3:a:vmware:spring_framework:5.3.9:*:*:*:*:*:*:*, cpe:2.3:a:web_project:web:5.3.9:*:*:*:*:*:*:*",CVE-2021-22096,NVD-CWE-Other,"In Spring Framework versions 5.3.0 - 5.3.10, 5.2.0 - 5.2.17, and older unsupported versions, it is possible for a user to provide malicious input to cause the insertion of additional log entries.",NVD,MEDIUM,4.0,/AV:N/AC:L/Au:S/C:N/I:P/A:N,MEDIUM,4.3,CVSS:3.1/AV:N/AC:L/PR:L/UI:N/S:U/C:N/I:L/A:N,HIGH,39,"","","","","","","",""
devops-project #2,"Sun, 8 Oct 2023 15:12:09 +0200",achat-1.1.jar: springfox-swagger-ui-3.0.0.jar: swagger-ui-bundle.js,/var/lib/jenkins/workspace/devops-project/target/achat-1.1.jar/BOOT-INF/lib/springfox-swagger-ui-3.0.0.jar/META-INF/resources/webjars/springfox-swagger-ui/swagger-ui-bundle.js,"","",4bb93c8cea6e30dbe2e526793247ab8c,580fece5647bd4e470a78003bc9ff594f27c0a95,pkg:javascript/DOMPurify@2.0.7,"",CVE-2020-26870,CWE-79 Improper Neutralization of Input During Web Page Generation ('Cross-site Scripting'),"Cure53 DOMPurify before 2.0.17 allows mutation XSS. This occurs because a serialize-parse roundtrip does not necessarily return the original DOM tree, and a namespace can change from HTML to MathML, as demonstrated by nesting of FORM elements.",NVD,MEDIUM,4.3,/AV:N/AC:M/Au:N/C:N/I:P/A:N,MEDIUM,6.1,CVSS:3.1/AV:N/AC:L/PR:N/UI:R/S:C/C:L/I:L/A:N,HIGHEST,3,"","","","","","","",""
devops-project #2,"Sun, 8 Oct 2023 15:12:09 +0200",achat-1.1.jar: springfox-swagger-ui-3.0.0.jar: swagger-ui-bundle.js,/var/lib/jenkins/workspace/devops-project/target/achat-1.1.jar/BOOT-INF/lib/springfox-swagger-ui-3.0.0.jar/META-INF/resources/webjars/springfox-swagger-ui/swagger-ui-bundle.js,"","",4bb93c8cea6e30dbe2e526793247ab8c,580fece5647bd4e470a78003bc9ff594f27c0a95,pkg:javascript/DOMPurify@2.0.7,"",Fix a possible XSS in Chrome that is hidden behind #enable-experimental-web-platform-features,"",Fix a possible XSS in Chrome that is hidden behind #enable-experimental-web-platform-features,RETIREJS,"","","","","","",HIGHEST,3,"","","","","","","",""
devops-project #2,"Sun, 8 Oct 2023 15:12:09 +0200",achat-1.1.jar: springfox-swagger-ui-3.0.0.jar: swagger-ui-bundle.js,/var/lib/jenkins/workspace/devops-project/target/achat-1.1.jar/BOOT-INF/lib/springfox-swagger-ui-3.0.0.jar/META-INF/resources/webjars/springfox-swagger-ui/swagger-ui-bundle.js,"","",4bb93c8cea6e30dbe2e526793247ab8c,580fece5647bd4e470a78003bc9ff594f27c0a95,pkg:javascript/DOMPurify@2.0.7,"",Fixed a new MathML-based bypass submitted by PewGrand. Fixed a new SVG-related bypass submitted by SecurityMB,"",Fixed a new MathML-based bypass submitted by PewGrand. Fixed a new SVG-related bypass submitted by SecurityMB,RETIREJS,"","","","","","",HIGHEST,3,"","","","","","","",""
devops-project #2,"Sun, 8 Oct 2023 15:12:09 +0200",achat-1.1.jar: springfox-swagger-ui-3.0.0.jar: swagger-ui-bundle.js,/var/lib/jenkins/workspace/devops-project/target/achat-1.1.jar/BOOT-INF/lib/springfox-swagger-ui-3.0.0.jar/META-INF/resources/webjars/springfox-swagger-ui/swagger-ui-bundle.js,"","",4bb93c8cea6e30dbe2e526793247ab8c,580fece5647bd4e470a78003bc9ff594f27c0a95,pkg:javascript/DOMPurify@2.0.7,"",Fixed an mXSS bypass dropped on us publicly via,"",Fixed an mXSS bypass dropped on us publicly via,RETIREJS,"","","","","","",HIGHEST,3,"","","","","","","",""
devops-project #2,"Sun, 8 Oct 2023 15:12:09 +0200",achat-1.1.jar: springfox-swagger-ui-3.0.0.jar: swagger-ui-bundle.js,/var/lib/jenkins/workspace/devops-project/target/achat-1.1.jar/BOOT-INF/lib/springfox-swagger-ui-3.0.0.jar/META-INF/resources/webjars/springfox-swagger-ui/swagger-ui-bundle.js,"","",4bb93c8cea6e30dbe2e526793247ab8c,580fece5647bd4e470a78003bc9ff594f27c0a95,pkg:javascript/DOMPurify@2.0.7,"",Fixed an mXSS issue reported,"",Fixed an mXSS issue reported,RETIREJS,"","","","","","",HIGHEST,3,"","","","","","","",""
devops-project #2,"Sun, 8 Oct 2023 15:12:09 +0200",achat-1.1.jar: springfox-swagger-ui-3.0.0.jar: swagger-ui-bundle.js,/var/lib/jenkins/workspace/devops-project/target/achat-1.1.jar/BOOT-INF/lib/springfox-swagger-ui-3.0.0.jar/META-INF/resources/webjars/springfox-swagger-ui/swagger-ui-bundle.js,"","",4bb93c8cea6e30dbe2e526793247ab8c,580fece5647bd4e470a78003bc9ff594f27c0a95,pkg:javascript/DOMPurify@2.0.7,"",Fixed an mXSS-based bypass caused by nested forms inside MathML,"",Fixed an mXSS-based bypass caused by nested forms inside MathML,RETIREJS,"","","","","","",HIGHEST,3,"","","","","","","",""
devops-project #2,"Sun, 8 Oct 2023 15:12:09 +0200",achat-1.1.jar: springfox-swagger-ui-3.0.0.jar: swagger-ui-bundle.js,/var/lib/jenkins/workspace/devops-project/target/achat-1.1.jar/BOOT-INF/lib/springfox-swagger-ui-3.0.0.jar/META-INF/resources/webjars/springfox-swagger-ui/swagger-ui-bundle.js,"","",4bb93c8cea6e30dbe2e526793247ab8c,580fece5647bd4e470a78003bc9ff594f27c0a95,pkg:javascript/DOMPurify@2.0.7,"","Fixed several possible mXSS patterns, thanks @hackvertor","","Fixed several possible mXSS patterns, thanks @hackvertor",RETIREJS,"","","","","","",HIGHEST,3,"","","","","","","",""
devops-project #2,"Sun, 8 Oct 2023 15:12:09 +0200",achat-1.1.jar: tomcat-embed-core-9.0.50.jar,/var/lib/jenkins/workspace/devops-project/target/achat-1.1.jar/BOOT-INF/lib/tomcat-embed-core-9.0.50.jar,Core Tomcat implementation,"Apache License, Version 2.0: http://www.apache.org/licenses/LICENSE-2.0.txt",cae13c22f8f3020c495df8a9b57567a5,14307c487516ab3526213a1205c5243b0c484e8d,pkg:maven/org.apache.tomcat.embed/tomcat-embed-core@9.0.50,"cpe:2.3:a:apache:tomcat:9.0.50:*:*:*:*:*:*:*, cpe:2.3:a:apache_tomcat:apache_tomcat:9.0.50:*:*:*:*:*:*:*",CVE-2021-42340,CWE-772 Missing Release of Resource after Effective Lifetime,"The fix for bug 63362 present in Apache Tomcat 10.1.0-M1 to 10.1.0-M5, 10.0.0-M1 to 10.0.11, 9.0.40 to 9.0.53 and 8.5.60 to 8.5.71 introduced a memory leak. The object introduced to collect metrics for HTTP upgrade connections was not released for WebSocket connections once the connection was closed. This created a memory leak that, over time, could lead to a denial of service via an OutOfMemoryError.",NVD,MEDIUM,5.0,/AV:N/AC:L/Au:N/C:N/I:N/A:P,HIGH,7.5,CVSS:3.1/AV:N/AC:L/PR:N/UI:N/S:U/C:N/I:N/A:H,HIGH,69,"","","","","","","",""
devops-project #2,"Sun, 8 Oct 2023 15:12:09 +0200",achat-1.1.jar: tomcat-embed-core-9.0.50.jar,/var/lib/jenkins/workspace/devops-project/target/achat-1.1.jar/BOOT-INF/lib/tomcat-embed-core-9.0.50.jar,Core Tomcat implementation,"Apache License, Version 2.0: http://www.apache.org/licenses/LICENSE-2.0.txt",cae13c22f8f3020c495df8a9b57567a5,14307c487516ab3526213a1205c5243b0c484e8d,pkg:maven/org.apache.tomcat.embed/tomcat-embed-core@9.0.50,"cpe:2.3:a:apache:tomcat:9.0.50:*:*:*:*:*:*:*, cpe:2.3:a:apache_tomcat:apache_tomcat:9.0.50:*:*:*:*:*:*:*",CVE-2022-29885,CWE-400 Uncontrolled Resource Consumption,"The documentation of Apache Tomcat 10.1.0-M1 to 10.1.0-M14, 10.0.0-M1 to 10.0.20, 9.0.13 to 9.0.62 and 8.5.38 to 8.5.78 for the EncryptInterceptor incorrectly stated it enabled Tomcat clustering to run over an untrusted network. This was not correct. While the EncryptInterceptor does provide confidentiality and integrity protection, it does not protect against all risks associated with running over any untrusted network, particularly DoS risks.",NVD,MEDIUM,5.0,/AV:N/AC:L/Au:N/C:N/I:N/A:P,HIGH,7.5,CVSS:3.1/AV:N/AC:L/PR:N/UI:N/S:U/C:N/I:N/A:H,HIGH,69,"","","","","","","",""
devops-project #2,"Sun, 8 Oct 2023 15:12:09 +0200",achat-1.1.jar: tomcat-embed-core-9.0.50.jar,/var/lib/jenkins/workspace/devops-project/target/achat-1.1.jar/BOOT-INF/lib/tomcat-embed-core-9.0.50.jar,Core Tomcat implementation,"Apache License, Version 2.0: http://www.apache.org/licenses/LICENSE-2.0.txt",cae13c22f8f3020c495df8a9b57567a5,14307c487516ab3526213a1205c5243b0c484e8d,pkg:maven/org.apache.tomcat.embed/tomcat-embed-core@9.0.50,"cpe:2.3:a:apache:tomcat:9.0.50:*:*:*:*:*:*:*, cpe:2.3:a:apache_tomcat:apache_tomcat:9.0.50:*:*:*:*:*:*:*",CVE-2022-42252,CWE-444 Inconsistent Interpretation of HTTP Requests ('HTTP Request/Response Smuggling'),"If Apache Tomcat 8.5.0 to 8.5.82, 9.0.0-M1 to 9.0.67, 10.0.0-M1 to 10.0.26 or 10.1.0-M1 to 10.1.0 was configured to ignore invalid HTTP headers via setting rejectIllegalHeader to false (the default for 8.5.x only), Tomcat did not reject a request containing an invalid Content-Length header making a request smuggling attack possible if Tomcat was located behind a reverse proxy that also failed to reject the request with the invalid header.",NVD,"","","",HIGH,7.5,CVSS:3.1/AV:N/AC:L/PR:N/UI:N/S:U/C:N/I:H/A:N,HIGH,69,"","","","","","","",""
devops-project #2,"Sun, 8 Oct 2023 15:12:09 +0200",achat-1.1.jar: tomcat-embed-core-9.0.50.jar,/var/lib/jenkins/workspace/devops-project/target/achat-1.1.jar/BOOT-INF/lib/tomcat-embed-core-9.0.50.jar,Core Tomcat implementation,"Apache License, Version 2.0: http://www.apache.org/licenses/LICENSE-2.0.txt",cae13c22f8f3020c495df8a9b57567a5,14307c487516ab3526213a1205c5243b0c484e8d,pkg:maven/org.apache.tomcat.embed/tomcat-embed-core@9.0.50,"cpe:2.3:a:apache:tomcat:9.0.50:*:*:*:*:*:*:*, cpe:2.3:a:apache_tomcat:apache_tomcat:9.0.50:*:*:*:*:*:*:*",CVE-2022-45143,CWE-116 Improper Encoding or Escaping of Output,"The JsonErrorReportValve in Apache Tomcat 8.5.83, 9.0.40 to 9.0.68 and 10.1.0-M1 to 10.1.1 did not escape the type, message or description values. In some circumstances these are constructed from user provided data and it was therefore possible for users to supply values that invalidated or manipulated the JSON output.",NVD,"","","",HIGH,7.5,CVSS:3.1/AV:N/AC:L/PR:N/UI:N/S:U/C:N/I:H/A:N,HIGH,69,"","","","","","","",""
devops-project #2,"Sun, 8 Oct 2023 15:12:09 +0200",achat-1.1.jar: tomcat-embed-core-9.0.50.jar,/var/lib/jenkins/workspace/devops-project/target/achat-1.1.jar/BOOT-INF/lib/tomcat-embed-core-9.0.50.jar,Core Tomcat implementation,"Apache License, Version 2.0: http://www.apache.org/licenses/LICENSE-2.0.txt",cae13c22f8f3020c495df8a9b57567a5,14307c487516ab3526213a1205c5243b0c484e8d,pkg:maven/org.apache.tomcat.embed/tomcat-embed-core@9.0.50,"cpe:2.3:a:apache:tomcat:9.0.50:*:*:*:*:*:*:*, cpe:2.3:a:apache_tomcat:apache_tomcat:9.0.50:*:*:*:*:*:*:*",CVE-2022-23181,CWE-367 Time-of-check Time-of-use (TOCTOU) Race Condition,"The fix for bug CVE-2020-9484 introduced a time of check, time of use vulnerability into Apache Tomcat 10.1.0-M1 to 10.1.0-M8, 10.0.0-M5 to 10.0.14, 9.0.35 to 9.0.56 and 8.5.55 to 8.5.73 that allowed a local attacker to perform actions with the privileges of the user that the Tomcat process is using. This issue is only exploitable when Tomcat is configured to persist sessions using the FileStore.",NVD,LOW,3.7,/AV:L/AC:H/Au:N/C:P/I:P/A:P,HIGH,7.0,CVSS:3.1/AV:L/AC:H/PR:L/UI:N/S:U/C:H/I:H/A:H,HIGH,69,"","","","","","","",""
devops-project #2,"Sun, 8 Oct 2023 15:12:09 +0200",achat-1.1.jar: tomcat-embed-core-9.0.50.jar,/var/lib/jenkins/workspace/devops-project/target/achat-1.1.jar/BOOT-INF/lib/tomcat-embed-core-9.0.50.jar,Core Tomcat implementation,"Apache License, Version 2.0: http://www.apache.org/licenses/LICENSE-2.0.txt",cae13c22f8f3020c495df8a9b57567a5,14307c487516ab3526213a1205c5243b0c484e8d,pkg:maven/org.apache.tomcat.embed/tomcat-embed-core@9.0.50,"cpe:2.3:a:apache:tomcat:9.0.50:*:*:*:*:*:*:*, cpe:2.3:a:apache_tomcat:apache_tomcat:9.0.50:*:*:*:*:*:*:*",CVE-2022-34305,CWE-79 Improper Neutralization of Input During Web Page Generation ('Cross-site Scripting'),"In Apache Tomcat 10.1.0-M1 to 10.1.0-M16, 10.0.0-M1 to 10.0.22, 9.0.30 to 9.0.64 and 8.5.50 to 8.5.81 the Form authentication example in the examples web application displayed user provided data without filtering, exposing a XSS vulnerability.",NVD,MEDIUM,4.3,/AV:N/AC:M/Au:N/C:N/I:P/A:N,MEDIUM,6.1,CVSS:3.1/AV:N/AC:L/PR:N/UI:R/S:C/C:L/I:L/A:N,HIGH,69,"","","","","","","",""
devops-project #2,"Sun, 8 Oct 2023 15:12:09 +0200",achat-1.1.jar: tomcat-embed-core-9.0.50.jar,/var/lib/jenkins/workspace/devops-project/target/achat-1.1.jar/BOOT-INF/lib/tomcat-embed-core-9.0.50.jar,Core Tomcat implementation,"Apache License, Version 2.0: http://www.apache.org/licenses/LICENSE-2.0.txt",cae13c22f8f3020c495df8a9b57567a5,14307c487516ab3526213a1205c5243b0c484e8d,pkg:maven/org.apache.tomcat.embed/tomcat-embed-core@9.0.50,"cpe:2.3:a:apache:tomcat:9.0.50:*:*:*:*:*:*:*, cpe:2.3:a:apache_tomcat:apache_tomcat:9.0.50:*:*:*:*:*:*:*",CVE-2023-41080,CWE-601 URL Redirection to Untrusted Site ('Open Redirect'),"URL Redirection to Untrusted Site ('Open Redirect') vulnerability in FORM authentication feature Apache Tomcat.This issue affects Apache Tomcat: from 11.0.0-M1 through 11.0.0-M10, from 10.1.0-M1 through 10.0.12, from 9.0.0-M1 through 9.0.79 and from 8.5.0 through 8.5.92.  The vulnerability is limited to the ROOT (default) web application.",NVD,"","","",MEDIUM,6.1,CVSS:3.1/AV:N/AC:L/PR:N/UI:R/S:C/C:L/I:L/A:N,HIGH,69,"","","","","","","",""
devops-project #2,"Sun, 8 Oct 2023 15:12:09 +0200",achat-1.1.jar: tomcat-embed-core-9.0.50.jar,/var/lib/jenkins/workspace/devops-project/target/achat-1.1.jar/BOOT-INF/lib/tomcat-embed-core-9.0.50.jar,Core Tomcat implementation,"Apache License, Version 2.0: http://www.apache.org/licenses/LICENSE-2.0.txt",cae13c22f8f3020c495df8a9b57567a5,14307c487516ab3526213a1205c5243b0c484e8d,pkg:maven/org.apache.tomcat.embed/tomcat-embed-core@9.0.50,"cpe:2.3:a:apache:tomcat:9.0.50:*:*:*:*:*:*:*, cpe:2.3:a:apache_tomcat:apache_tomcat:9.0.50:*:*:*:*:*:*:*",CVE-2023-28708,CWE-523 Unprotected Transport of Credentials,"When using the RemoteIpFilter with requests received from a reverse proxy via HTTP that include the X-Forwarded-Proto header set to https, session cookies created by Apache Tomcat 11.0.0-M1 to 11.0.0.-M2, 10.1.0-M1 to 10.1.5, 9.0.0-M1 to 9.0.71 and 8.5.0 to 8.5.85 did not include the secure attribute. This could result in the user agent transmitting the session cookie over an insecure channel.",NVD,"","","",MEDIUM,4.3,CVSS:3.1/AV:N/AC:L/PR:N/UI:R/S:U/C:L/I:N/A:N,HIGH,69,"","","","","","","",""
devops-project #2,"Sun, 8 Oct 2023 15:12:09 +0200",achat-1.1.jar: tomcat-embed-core-9.0.50.jar,/var/lib/jenkins/workspace/devops-project/target/achat-1.1.jar/BOOT-INF/lib/tomcat-embed-core-9.0.50.jar,Core Tomcat implementation,"Apache License, Version 2.0: http://www.apache.org/licenses/LICENSE-2.0.txt",cae13c22f8f3020c495df8a9b57567a5,14307c487516ab3526213a1205c5243b0c484e8d,pkg:maven/org.apache.tomcat.embed/tomcat-embed-core@9.0.50,"cpe:2.3:a:apache:tomcat:9.0.50:*:*:*:*:*:*:*, cpe:2.3:a:apache_tomcat:apache_tomcat:9.0.50:*:*:*:*:*:*:*",CVE-2021-43980,CWE-362 Concurrent Execution using Shared Resource with Improper Synchronization ('Race Condition'),"The simplified implementation of blocking reads and writes introduced in Tomcat 10 and back-ported to Tomcat 9.0.47 onwards exposed a long standing (but extremely hard to trigger) concurrency bug in Apache Tomcat 10.1.0 to 10.1.0-M12, 10.0.0-M1 to 10.0.18, 9.0.0-M1 to 9.0.60 and 8.5.0 to 8.5.77 that could cause client connections to share an Http11Processor instance resulting in responses, or part responses, to be received by the wrong client.",NVD,"","","",LOW,3.7,CVSS:3.1/AV:N/AC:H/PR:N/UI:N/S:U/C:L/I:N/A:N,HIGH,69,"","","","","","","",""
